Name,Email,Addres,Phone,Company
Dylan Cochran,uodom@example.org,"5484 West Keys
Wardstad, AS 31715",3923194324,"Marshall, Brown and Russell"
Megan Burke,nlong@example.org,"65890 Carol Stravenue
West Tom, MN 17684",001-884-443-0372x38100,Smith and Sons
Angel Larson,obaker@example.net,"2764 Jones Drive
Jamesstad, CT 04105",8227564247,"Richardson, Johnson and Ali"
Cristina Larson,christopher43@example.org,"88388 Bentley Motorway
Macdonaldview, WA 53850",001-660-835-6186,Acosta-Martinez
Ryan Cook,brittanymurphy@example.org,"775 Parker Knoll Suite 657
Lake Adamborough, WY 81073",959.234.9777x78031,Garza-Perry
Melissa Anderson,aaronhunter@example.net,"584 Crosby Freeway
West Benjaminburgh, HI 74209",(783)790-7313,Larson Ltd
Jessica Smith,imathis@example.net,"701 Patricia Stravenue
West Mallory, SD 37354",(450)469-2775,"Powell, Green and Ross"
Martha Jones,angela02@example.com,"USNV Rice
FPO AE 28701",649-226-6937,Nunez PLC
Jessica Wright,molson@example.org,"090 Scott Parkway Apt. 669
New Joshua, NH 25282",+1-735-947-6971x6283,Thomas LLC
Joshua Castillo,whardy@example.com,"813 Gabriel Rapids
Kingtown, NC 58854",278.650.5041x3075,"Wagner, Brown and Lee"
